<metadata><Esri><CreaDate>20151216</CreaDate><CreaTime>14042100</CreaTime><SyncOnce>FALSE</SyncOnce><SyncDate>20210714</SyncDate><SyncTime>10323600</SyncTime><ModDate>20210714</ModDate><ModTime>10323600</ModTime><DataProperties><itemProps><itemName Sync="TRUE">nysidewalkcafe</itemName><itemLocation><linkage Sync="FALSE">withheld</linkage><protocol Sync="TRUE">Local Area Network</protocol></itemLocation><nativeExtBox><westBL Sync="TRUE">914625.067060</westBL><eastBL Sync="TRUE">1067335.951270</eastBL><southBL Sync="TRUE">123984.013565</southBL><northBL Sync="TRUE">271427.076618</northBL><exTypeCode Sync="TRUE">1</exTypeCode></nativeExtBox><imsContentType Sync="TRUE">002</imsContentType><itemSize Sync="TRUE">0.000</itemSize></itemProps><coordRef><type Sync="TRUE">Projected</type><geogcsn Sync="TRUE">GCS_North_American_1983</geogcsn><csUnits Sync="TRUE">Linear Unit: Foot_US (0.304801)</csUnits><projcsn Sync="TRUE">NAD_1983_StatePlane_New_York_Long_Island_FIPS_3104_Feet</projcsn><peXml Sync="TRUE">&lt;ProjectedCoordinateSystem xsi:type='typens:ProjectedCoordinateSystem' xmlns:xsi='http://www.w3.org/2001/XMLSchema-instance' xmlns:xs='http://www.w3.org/2001/XMLSchema' xmlns:typens='http://www.esri.com/schemas/ArcGIS/10.4'&gt;&lt;WKT&gt;PROJCS[&amp;quot;NAD_1983_StatePlane_New_York_Long_Island_FIPS_3104_Feet&amp;quot;,GEOGCS[&amp;quot;GCS_North_American_1983&amp;quot;,DATUM[&amp;quot;D_North_American_1983&amp;quot;,SPHEROID[&amp;quot;GRS_1980&amp;quot;,6378137.0,298.257222101]],PRIMEM[&amp;quot;Greenwich&amp;quot;,0.0],UNIT[&amp;quot;Degree&amp;quot;,0.0174532925199433]],PROJECTION[&amp;quot;Lambert_Conformal_Conic&amp;quot;],PARAMETER[&amp;quot;False_Easting&amp;quot;,984250.0],PARAMETER[&amp;quot;False_Northing&amp;quot;,0.0],PARAMETER[&amp;quot;Central_Meridian&amp;quot;,-74.0],PARAMETER[&amp;quot;Standard_Parallel_1&amp;quot;,40.66666666666666],PARAMETER[&amp;quot;Standard_Parallel_2&amp;quot;,41.03333333333333],PARAMETER[&amp;quot;Latitude_Of_Origin&amp;quot;,40.16666666666666],UNIT[&amp;quot;Foot_US&amp;quot;,0.3048006096012192],AUTHORITY[&amp;quot;EPSG&amp;quot;,2263]]&lt;/WKT&gt;&lt;XOrigin&gt;-120039300&lt;/XOrigin&gt;&lt;YOrigin&gt;-96540300&lt;/YOrigin&gt;&lt;XYScale&gt;37212589.015695661&lt;/XYScale&gt;&lt;ZOrigin&gt;-100000&lt;/ZOrigin&gt;&lt;ZScale&gt;10000&lt;/ZScale&gt;&lt;MOrigin&gt;-100000&lt;/MOrigin&gt;&lt;MScale&gt;10000&lt;/MScale&gt;&lt;XYTolerance&gt;0.0032808333333333331&lt;/XYTolerance&gt;&lt;ZTolerance&gt;0.001&lt;/ZTolerance&gt;&lt;MTolerance&gt;0.001&lt;/MTolerance&gt;&lt;HighPrecision&gt;true&lt;/HighPrecision&gt;&lt;WKID&gt;102718&lt;/WKID&gt;&lt;LatestWKID&gt;2263&lt;/LatestWKID&gt;&lt;/ProjectedCoordinateSystem&gt;</peXml></coordRef><lineage><Process ToolSource="c:\program files (x86)\arcgis\desktop10.4\ArcToolbox\Toolboxes\Analysis Tools.tbx\Select" Date="20210714" Time="103235">Select C:\TEMP\zoning\063021\Zoning_GP\zoningGp.gdb\nysidewalkcafe C:\TEMP\zoning\063021\shp\nysidewalkcafe__Iteration.shp "ObjectID&gt;=0 AND ObjectID&lt;3000"</Process><Process ToolSource="c:\program files (x86)\arcgis\desktop10.4\ArcToolbox\Toolboxes\Analysis Tools.tbx\Select" Date="20210714" Time="103238">Select C:\TEMP\zoning\063021\shp\nysidewalkcafe__Iteration.shp C:\TEMP\zoning\063021\shp\nysidewalkcafe.shp #</Process><Process ToolSource="c:\program files (x86)\arcgis\desktop10.4\ArcToolbox\Toolboxes\Data Management Tools.tbx\Append" Date="20210714" Time="103246">Append C:\TEMP\zoning\063021\shp\nysidewalkcafe__Iteration.shp C:\TEMP\zoning\063021\shp\nysidewalkcafe.shp TEST # #</Process><Process ToolSource="c:\program files (x86)\arcgis\desktop10.4\ArcToolbox\Toolboxes\Data Management Tools.tbx\Append" Date="20210714" Time="103253">Append C:\TEMP\zoning\063021\shp\nysidewalkcafe__Iteration.shp C:\TEMP\zoning\063021\shp\nysidewalkcafe.shp TEST # #</Process><Process ToolSource="c:\program files (x86)\arcgis\desktop10.4\ArcToolbox\Toolboxes\Data Management Tools.tbx\Append" Date="20210714" Time="103300">Append C:\TEMP\zoning\063021\shp\nysidewalkcafe__Iteration.shp C:\TEMP\zoning\063021\shp\nysidewalkcafe.shp TEST # #</Process><Process ToolSource="c:\program files (x86)\arcgis\desktop10.4\ArcToolbox\Toolboxes\Data Management Tools.tbx\Append" Date="20210714" Time="103307">Append C:\TEMP\zoning\063021\shp\nysidewalkcafe__Iteration.shp C:\TEMP\zoning\063021\shp\nysidewalkcafe.shp TEST # #</Process><Process ToolSource="c:\program files (x86)\arcgis\desktop10.4\ArcToolbox\Toolboxes\Data Management Tools.tbx\Append" Date="20210714" Time="103314">Append C:\TEMP\zoning\063021\shp\nysidewalkcafe__Iteration.shp C:\TEMP\zoning\063021\shp\nysidewalkcafe.shp TEST # #</Process><Process ToolSource="c:\program files (x86)\arcgis\desktop10.4\ArcToolbox\Toolboxes\Data Management Tools.tbx\Append" Date="20210714" Time="103320">Append C:\TEMP\zoning\063021\shp\nysidewalkcafe__Iteration.shp C:\TEMP\zoning\063021\shp\nysidewalkcafe.shp TEST # #</Process><Process ToolSource="c:\program files (x86)\arcgis\desktop10.4\ArcToolbox\Toolboxes\Data Management Tools.tbx\RepairGeometry" Date="20210714" Time="103324">RepairGeometry C:\TEMP\zoning\063021\shp\nysidewalkcafe.shp DELETE_NULL</Process></lineage></DataProperties><ArcGISFormat>1.0</ArcGISFormat><ArcGISProfile>FGDC</ArcGISProfile><ArcGISstyle>ISO 19139 Metadata Implementation Specification</ArcGISstyle><scaleRange><minScale>150000000</minScale><maxScale>5000</maxScale></scaleRange></Esri><mdLang><languageCode value="eng"/><countryCode value="USA" Sync="TRUE"/></mdLang><mdChar><CharSetCd value="004"/></mdChar><mdHrLv><ScopeCd value="005"/></mdHrLv><distInfo><distributor><distorOrdPrc><resFees>Free</resFees></distorOrdPrc></distributor><distTranOps><onLineSrc><linkage>https://www1.nyc.gov/site/planning/data-maps/open-data.page</linkage></onLineSrc><transSize Sync="TRUE">0.000</transSize></distTranOps><distFormat><formatName Sync="TRUE">Shapefile</formatName></distFormat></distInfo><dataIdInfo><idCitation><resTitle Sync="FALSE">Sidewalk Cafe Regulations</resTitle><date><createDate>6/30/2021</createDate><pubDate>6/30/2021</pubDate></date><citRespParty><rpIndName>New York City Department of City Planning</rpIndName><rpCntInfo><cntAddress><eMailAdd>DCPOpendata@planning.nyc.gov</eMailAdd></cntAddress></rpCntInfo><displayName>New York City Department of City Planning</displayName></citRespParty><presForm><PresFormCd value="005" Sync="TRUE"/></presForm></idCitation><idAbs>&lt;DIV STYLE="text-align:Left;"&gt;&lt;DIV&gt;&lt;DIV&gt;&lt;P STYLE="margin:0 0 0 0;"&gt;&lt;SPAN&gt;A sidewalk cafe is a portion of an eating or drinking establishment that is located on a public sidewalk.&lt;/SPAN&gt;&lt;SPAN /&gt;&lt;SPAN&gt;This Line feature class is intended to be a spatial representation of the Sidewalk Cafe regulations in the New York City Zoning Resolution, Article 1, Chapter 4. Lines are attributed to indicate the types of Sidewalk Cafes that are permitted: All Cafes (includes Enclosed, Unenclosed, and Small); Unenclosed Only (includes Small); Small Only; or Not Permitted (for locations where the zoning would normally permit, but some other regulation prohibits.) Lines are coincident with the Department Of Finance Tax Block edges. This dataset is maintained to reflect changes to mapped zoning districts or zoning text amendments as they are adopted by the City Council.&lt;/SPAN&gt;&lt;/P&gt;&lt;/DIV&gt;&lt;/DIV&gt;&lt;/DIV&gt;</idAbs><idPurp>A spatial representation of the New York City Zoning Resolution's regulations for location of Sidewalk Cafes. The Zoning Resolution regulates where sidewalk cafes are permitted in Article I, Chapter 4.</idPurp><idCredit>NYC Department of City Planning, Technical Review Division</idCredit><resMaint><maintFreq><MaintFreqCd value="005"/></maintFreq></resMaint><placeKeys><keyword>New York City</keyword></placeKeys><themeKeys><keyword>Sidewalk Cafes</keyword><keyword>Zoning</keyword></themeKeys><searchKeys><keyword>sidewalk cafes</keyword><keyword>enclosed cafes</keyword><keyword>unenclosed cafes</keyword><keyword>restaurants</keyword><keyword>regulations</keyword><keyword>zoning resolution</keyword><keyword>zoning</keyword><keyword>New York City</keyword><keyword>NYC</keyword><keyword>Department of City Planning</keyword><keyword>DCP</keyword></searchKeys><resConst><LegConsts><othConsts>The data is freely available to all New York City agencies and the public.Notice To Users: 1. Zoning data changes frequently! The downloadable zoning data will be updated on the last Monday of every month. Updates will include recent zoning changes adopted by City Council.</othConsts></LegConsts></resConst><resConst><Consts><useLimit>&lt;DIV STYLE="text-align:Left;"&gt;&lt;DIV&gt;&lt;DIV&gt;&lt;P&gt;&lt;SPAN&gt;This dataset is being provided by the Department of City Planning (DCP) on DCP's website for informational purposes only. DCP does not warranty the completeness, accuracy, content, or fitness for any particular purpose or use of the dataset, nor are any such warranties to be implied or inferred with respect to the dataset as furnished on the website. DCP and the City are not liable for any deficiencies in the completeness, accuracy, content, or fitness for any particular purpose or use the dataset, or applications utilizing the dataset, provided by any third party.&lt;/SPAN&gt;&lt;/P&gt;&lt;/DIV&gt;&lt;/DIV&gt;&lt;/DIV&gt;</useLimit></Consts></resConst><dataLang><languageCode value="eng"/><countryCode value="USA" Sync="TRUE"/></dataLang><dataExt><exDesc>publication date</exDesc></dataExt><suppInfo>The date of the most recent City Council adoptions included in this data is 6/30/2021.</suppInfo><envirDesc Sync="FALSE">Microsoft Windows 10; Esri ArcGIS 10.6</envirDesc><dataChar><CharSetCd value="004"/></dataChar><tpCat><TopicCatCd value="003"/></tpCat><tpCat><TopicCatCd value="015"/></tpCat><spatRpType><SpatRepTypCd value="001" Sync="TRUE"/></spatRpType><dataExt><geoEle><GeoBndBox esriExtentType="search"><exTypeCode Sync="TRUE">1</exTypeCode><westBL Sync="TRUE">-74.251898</westBL><eastBL Sync="TRUE">-73.699401</eastBL><northBL Sync="TRUE">40.911678</northBL><southBL Sync="TRUE">40.506593</southBL></GeoBndBox></geoEle></dataExt></dataIdInfo><mdMaint><maintFreq><MaintFreqCd value="005"/></maintFreq></mdMaint><dqInfo><dqScope><scpLvl><ScopeCd value="005"/></scpLvl></dqScope><report type="DQAbsExtPosAcc" dimension="horizontal"><measDesc>The data were developed using DCP's Tax Block Base Map Files, DOITT's NYCMap planimetric street centerlines and 2006 orthophotos as reference sources. Measurements and dimensions for location of zoning features were obtained from DCP zoning maps. The estimated horizontal accuracy is +/- 20 feet.</measDesc></report></dqInfo><eainfo><detailed Name="nysidewalkcafe"><attr><attrlabl>SHAPE</attrlabl><attrdef>Feature geometry.</attrdef><attrdefs>ESRI</attrdefs><attrdomv><udom>Coordinates defining the features.</udom></attrdomv><attalias Sync="TRUE">Shape</attalias><attrtype Sync="TRUE">Geometry</attrtype><attwidth Sync="TRUE">0</attwidth><atprecis Sync="TRUE">0</atprecis><attscale Sync="TRUE">0</attscale></attr><attr><attrlabl Sync="TRUE">FID</attrlabl><attalias Sync="TRUE">FID</attalias><attrtype Sync="TRUE">OID</attrtype><attwidth Sync="TRUE">4</attwidth><atprecis Sync="TRUE">0</atprecis><attscale Sync="TRUE">0</attscale><attrdef Sync="TRUE">Internal feature number.</attrdef><attrdefs Sync="TRUE">Esri</attrdefs><attrdomv><udom Sync="TRUE">Sequential unique whole numbers that are automatically generated.</udom></attrdomv></attr><attr><attrlabl Sync="TRUE">CafeType</attrlabl><attalias Sync="TRUE">CafeType</attalias><attrtype Sync="TRUE">String</attrtype><attwidth Sync="TRUE">25</attwidth><attrdef>
					All Cafes= All sidewalk cafe types are permitted (Enclosed, Unenclosed, and Small)
					Unenclosed Only= Only Unenclosed sidewalk cafes are permitted (includes Small)
					Small Only= Only Small sidewalk cafes are permitted
					Not Permitted= No sidewalk cafes are permitted (for locations where the zoning would normally permit, but some other regulation prohibits.)
				</attrdef><attrdefs>NYC Zoning Resolution, Article 1, Chapter 4</attrdefs><atprecis Sync="TRUE">0</atprecis><attscale Sync="TRUE">0</attscale></attr><enttyp><enttypl Sync="TRUE">nysidewalkcafe</enttypl><enttypt Sync="TRUE">Feature Class</enttypt><enttypc Sync="TRUE">0</enttypc></enttyp><attr><attrlabl Sync="TRUE">Shape_Leng</attrlabl><attalias Sync="TRUE">Shape_Leng</attalias><attrtype Sync="TRUE">Double</attrtype><attwidth Sync="TRUE">19</attwidth><atprecis Sync="TRUE">0</atprecis><attscale Sync="TRUE">0</attscale></attr></detailed></eainfo><mdHrLvName Sync="TRUE">dataset</mdHrLvName><refSysInfo><RefSystem><refSysID><identCode code="2263" Sync="TRUE"/><idCodeSpace Sync="TRUE">EPSG</idCodeSpace><idVersion Sync="TRUE">5.3(9.0.0)</idVersion></refSysID></RefSystem></refSysInfo><spatRepInfo><VectSpatRep><geometObjs Name="nysidewalkcafe"><geoObjTyp><GeoObjTypCd value="002" Sync="TRUE"></GeoObjTypCd></geoObjTyp><geoObjCnt Sync="TRUE">0</geoObjCnt></geometObjs><topLvl><TopoLevCd value="001" Sync="TRUE"></TopoLevCd></topLvl></VectSpatRep></spatRepInfo><spdoinfo><ptvctinf><esriterm Name="nysidewalkcafe"><efeatyp Sync="TRUE">Simple</efeatyp><efeageom code="3" Sync="TRUE"></efeageom><esritopo Sync="TRUE">FALSE</esritopo><efeacnt Sync="TRUE">0</efeacnt><spindex Sync="TRUE">FALSE</spindex><linrefer Sync="TRUE">FALSE</linrefer></esriterm></ptvctinf></spdoinfo><mdDateSt Sync="TRUE">20210714</mdDateSt></metadata>
